CID,Figure
acs.jpcc.5b05338_1,TiO2-stability-RACB-PSPW91AM05
acs.jpcc.5b05338_2,TiO2-stability-RACB-PSPW91AM05
acs.jpcc.5b05338_3,TiO2-stability-RACB-PSPW91AM05
acs.jpcc.5b05338_4,TiO2-stability-RACB-PSPW91AM05
acs.jpcc.5b05338_5,TiO2-stability-RACB-PSPW91AM05
acs.jpcc.5b05338_6,TiO2-stability-RACB-PSPW91AM05
acs.jpcc.5b05338_7,TiO2-stability-RACB-PSPW91AM05
acs.jpcc.5b05338_8,TiO2-stability-RACB-PSPW91AM05
acs.jpcc.5b05338_9,TiO2-stability-RACB-PSPW91AM05
acs.jpcc.5b05338_10,TiO2-stability-RACB-PSPW91AM05
acs.jpcc.5b05338_11,TiO2-stability-RACB-PSPW91AM05
acs.jpcc.5b05338_12,TiO2-stability-RACB-PSPW91AM05
acs.jpcc.5b05338_13,TiO2-stability-RACB-PSPW91AM05
acs.jpcc.5b05338_14,TiO2-stability-RACB-PSPW91AM05
acs.jpcc.5b05338_15,TiO2-stability-RACB-PSPW91AM05
acs.jpcc.5b05338_16,TiO2-stability-RACB-PSPW91AM05
acs.jpcc.5b05338_17,TiO2-stability-RACB-PSPW91AM05
acs.jpcc.5b05338_18,TiO2-stability-RACB-PSPW91AM05
acs.jpcc.5b05338_19,TiO2-stability-RACB-PSPW91AM05
acs.jpcc.5b05338_20,TiO2-stability-RACB-PSPW91AM05
acs.jpcc.5b05338_21,TiO2-stability-RACB-PSPW91AM05
acs.jpcc.5b05338_22,TiO2-stability-RACB-PSPW91AM05
acs.jpcc.5b05338_23,TiO2-stability-RACB-PSPW91AM05
acs.jpcc.5b05338_24,TiO2-stability-RACB-PSPW91AM05
acs.jpcc.5b05338_25,TiO2-stability-RACB-PSPW91AM05
acs.jpcc.5b05338_26,TiO2-stability-RACB-PSPW91AM05
acs.jpcc.5b05338_27,TiO2-stability-RACB-PSPW91AM05
acs.jpcc.5b05338_28,TiO2-stability-RACB-PSPW91AM05
acs.jpcc.5b05338_29,TiO2-stability-RACB-PSPW91AM05
acs.jpcc.5b05338_30,TiO2-stability-RACB-PSPW91AM05
acs.jpcc.5b05338_31,TiO2-stability-RACB-PSPW91AM05
acs.jpcc.5b05338_32,TiO2-stability-RACB-PSPW91AM05
acs.jpcc.5b05338_33,TiO2-stability-RACB-PSPW91AM05
acs.jpcc.5b05338_34,TiO2-stability-RACB-PSPW91AM05
acs.jpcc.5b05338_35,TiO2-stability-RACB-PSPW91AM05
acs.jpcc.5b05338_36,TiO2-stability-RACB-PSPW91AM05
acs.jpcc.5b05338_37,TiO2-stability-RACB-PSPW91AM05
acs.jpcc.5b05338_38,TiO2-stability-RACB-PSPW91AM05
acs.jpcc.5b05338_39,TiO2-stability-RACB-PSPW91AM05
acs.jpcc.5b05338_40,TiO2-stability-RACB-PSPW91AM05
acs.jpcc.5b05338_41,TiO2-stability-RACB-PSPW91AM05
acs.jpcc.5b05338_42,TiO2-stability-RACB-PSPW91AM05
acs.jpcc.5b05338_43,TiO2-stability-RACB-PSPW91AM05
acs.jpcc.5b05338_44,TiO2-stability-RACB-PSPW91AM05
acs.jpcc.5b05338_45,TiO2-stability-RACB-PSPW91AM05
acs.jpcc.5b05338_46,TiO2-stability-RACB-PSPW91AM05
acs.jpcc.5b05338_47,TiO2-stability-RACB-PSPW91AM05
acs.jpcc.5b05338_48,TiO2-stability-RACB-PSPW91AM05
acs.jpcc.5b05338_49,TiO2-stability-RACB-PSPW91AM05
acs.jpcc.5b05338_50,TiO2-stability-RACB-PSPW91AM05
acs.jpcc.5b05338_51,TiO2-stability-RACB-PSPW91AM05
acs.jpcc.5b05338_52,TiO2-stability-RACB-PSPW91AM05
acs.jpcc.5b05338_53,TiO2-stability-RACB-PSPW91AM05
acs.jpcc.5b05338_54,TiO2-stability-RACB-PSPW91AM05
acs.jpcc.5b05338_55,TiO2-stability-RACB-PSPW91AM05
acs.jpcc.5b05338_56,TiO2-stability-RACB-PSPW91AM05
acs.jpcc.5b05338_57,TiO2-stability-RACB-PSPW91AM05
acs.jpcc.5b05338_58,TiO2-stability-RACB-PSPW91AM05
acs.jpcc.5b05338_59,TiO2-stability-RACB-PSPW91AM05
acs.jpcc.5b05338_60,TiO2-stability-RACB-PSPW91AM05
acs.jpcc.5b05338_61,TiO2-stability-RACB-PSPW91AM05
acs.jpcc.5b05338_62,TiO2-stability-RACB-PSPW91AM05
acs.jpcc.5b05338_63,TiO2-stability-RACB-PSPW91AM05
acs.jpcc.5b05338_64,TiO2-stability-RACB-PSPW91AM05
acs.jpcc.5b05338_65,TiO2-stability-RACB-PSPW91AM05
acs.jpcc.5b05338_66,TiO2-stability-RACB-PSPW91AM05
acs.jpcc.5b05338_67,TiO2-stability-RACB-PSPW91AM05
acs.jpcc.5b05338_68,TiO2-stability-RACB-PSPW91AM05
acs.jpcc.5b05338_69,TiO2-stability-RACB-PSPW91AM05
acs.jpcc.5b05338_70,TiO2-stability-RACB-PSPW91AM05
acs.jpcc.5b05338_71,TiO2-stability-RACB-PSPW91AM05
acs.jpcc.5b05338_72,TiO2-stability-RACB-PSPW91AM05
acs.jpcc.5b05338_73,TiO2-stability-RACB-PSPW91AM05
acs.jpcc.5b05338_74,TiO2-stability-RACB-PSPW91AM05
acs.jpcc.5b05338_75,TiO2-stability-RACB-PSPW91AM05
acs.jpcc.5b05338_76,TiO2-stability-RACB-PSPW91AM05
acs.jpcc.5b05338_77,TiO2-stability-RACB-PSPW91AM05
acs.jpcc.5b05338_78,TiO2-stability-RACB-PBELDAPBEs
acs.jpcc.5b05338_79,TiO2-stability-RACB-PBELDAPBEs
acs.jpcc.5b05338_80,TiO2-stability-RACB-PBELDAPBEs
acs.jpcc.5b05338_81,TiO2-stability-RACB-PBELDAPBEs
acs.jpcc.5b05338_82,TiO2-stability-RACB-PBELDAPBEs
acs.jpcc.5b05338_83,TiO2-stability-RACB-PBELDAPBEs
acs.jpcc.5b05338_84,TiO2-stability-RACB-PBELDAPBEs
acs.jpcc.5b05338_85,TiO2-stability-RACB-PBELDAPBEs
acs.jpcc.5b05338_86,TiO2-stability-RACB-PBELDAPBEs
acs.jpcc.5b05338_87,TiO2-stability-RACB-PBELDAPBEs
acs.jpcc.5b05338_88,TiO2-stability-RACB-PBELDAPBEs
acs.jpcc.5b05338_89,TiO2-stability-RACB-PBELDAPBEs
acs.jpcc.5b05338_90,TiO2-stability-RACB-PBELDAPBEs
acs.jpcc.5b05338_91,TiO2-stability-RACB-PBELDAPBEs
acs.jpcc.5b05338_92,TiO2-stability-RACB-PBELDAPBEs
acs.jpcc.5b05338_93,TiO2-stability-RACB-PBELDAPBEs
acs.jpcc.5b05338_94,TiO2-stability-RACB-PBELDAPBEs
acs.jpcc.5b05338_95,TiO2-stability-RACB-PBELDAPBEs
acs.jpcc.5b05338_96,TiO2-stability-RACB-PBELDAPBEs
acs.jpcc.5b05338_97,TiO2-stability-RACB-PBELDAPBEs
acs.jpcc.5b05338_98,TiO2-stability-RACB-PBELDAPBEs
acs.jpcc.5b05338_99,TiO2-stability-RACB-PBELDAPBEs
acs.jpcc.5b05338_100,TiO2-stability-RACB-PBELDAPBEs
acs.jpcc.5b05338_101,TiO2-stability-RACB-PBELDAPBEs
acs.jpcc.5b05338_102,TiO2-stability-RACB-PBELDAPBEs
acs.jpcc.5b05338_103,TiO2-stability-RACB-PBELDAPBEs
acs.jpcc.5b05338_104,TiO2-stability-RACB-PBELDAPBEs
acs.jpcc.5b05338_105,TiO2-stability-RACB-PBELDAPBEs
acs.jpcc.5b05338_106,TiO2-stability-RACB-pvpvs
acs.jpcc.5b05338_107,TiO2-stability-RACB-pvpvs
acs.jpcc.5b05338_108,TiO2-stability-RACB-pvpvs
acs.jpcc.5b05338_109,TiO2-stability-RACB-pvpvs
acs.jpcc.5b05338_110,TiO2-stability-RACB-pvpvs
acs.jpcc.5b05338_111,TiO2-stability-RACB-pvpvs
acs.jpcc.5b05338_112,TiO2-stability-RACB-pvpvs
acs.jpcc.5b05338_113,TiO2-stability-RACB-pvpvs
acs.jpcc.5b05338_114,TiO2-stability-RACB-pvpvs
acs.jpcc.5b05338_115,TiO2-stability-RACB-pvpvs
acs.jpcc.5b05338_116,TiO2-stability-RACB-pvpvs
acs.jpcc.5b05338_117,TiO2-stability-RACB-pvpvs
acs.jpcc.5b05338_118,TiO2-stability-RACB-pvpvs
acs.jpcc.5b05338_119,TiO2-stability-RACB-pvpvs
acs.jpcc.5b05338_120,TiO2-stability-RACB-pvpvs
acs.jpcc.5b05338_121,TiO2-stability-RACB-pvpvs
acs.jpcc.5b05338_122,TiO2-stability-RACB-pvpvs
acs.jpcc.5b05338_123,TiO2-stability-RACB-pvpvs
acs.jpcc.5b05338_124,TiO2-stability-RACB-pvpvs
acs.jpcc.5b05338_125,TiO2-stability-RACB-pvpvs
acs.jpcc.5b05338_126,TiO2-stability-RACB-pvpvs
acs.jpcc.5b05338_127,TiO2-stability-RACB-pvpvs
acs.jpcc.5b05338_128,TiO2-stability-RACB-pvpvs
acs.jpcc.5b05338_129,TiO2-stability-RACB-pvpvs
acs.jpcc.5b05338_130,TiO2-stability-RACB-pvpvs
acs.jpcc.5b05338_131,TiO2-stability-RACB-pvpvs
acs.jpcc.5b05338_132,TiO2-stability-RACB-pvpvs
acs.jpcc.5b05338_133,TiO2-stability-RACB-pvpvs
acs.jpcc.5b05338_134,TiO2-stability-RACB-pvpvs
acs.jpcc.5b05338_135,TiO2-stability-RACB-pvpvs
acs.jpcc.5b05338_136,TiO2-stability-RACB-pvpvs
acs.jpcc.5b05338_137,TiO2-stability-RACB-pvpvs
acs.jpcc.5b05338_138,TiO2-stability-RACB-pvpvs
acs.jpcc.5b05338_139,TiO2-stability-RACB-pvpvs
acs.jpcc.5b05338_140,TiO2-stability-RACB-pvpvs
acs.jpcc.5b05338_141,TiO2-stability-RACB-pvpvs
acs.jpcc.5b05338_142,TiO2-stability-RACB-pvpvs
acs.jpcc.5b05338_143,TiO2-stability-RACB-pvpvs
acs.jpcc.5b05338_144,TiO2-stability-RACB-pvpvs
acs.jpcc.5b05338_145,TiO2-stability-RACB-pvpvs
acs.jpcc.5b05338_146,TiO2-stability-RACB-pvpvs
acs.jpcc.5b05338_147,TiO2-stability-RACB-pvpvs
acs.jpcc.5b05338_148,TiO2-stability-RACB-pvpvs
acs.jpcc.5b05338_149,TiO2-stability-RACB-pvpvs
acs.jpcc.5b05338_150,TiO2-stability-RACB-pvpvs
acs.jpcc.5b05338_151,TiO2-stability-RACB-pvpvs
acs.jpcc.5b05338_152,TiO2-stability-RACB-pvpvs
acs.jpcc.5b05338_153,TiO2-stability-RACB-pvpvs
acs.jpcc.5b05338_154,TiO2-stability-RACB-pvpvs
acs.jpcc.5b05338_155,TiO2-stability-RACB-pvpvs
acs.jpcc.5b05338_156,TiO2-stability-RACB-pvpvs
acs.jpcc.5b05338_157,TiO2-stability-RACB-pvpvs
acs.jpcc.5b05338_158,TiO2-stability-RACB-pvpvs
acs.jpcc.5b05338_159,TiO2-stability-RACB-pvpvs
acs.jpcc.5b05338_160,TiO2-stability-RACB-pvpvs
acs.jpcc.5b05338_161,TiO2-stability-RACB-pvpvs
acs.jpcc.5b05338_162,TiO2-stability-RACB-pvpvs
acs.jpcc.5b05338_163,TiO2-stability-RACB-pvpvs
acs.jpcc.5b05338_164,TiO2-stability-RACB-pvpvs
acs.jpcc.5b05338_165,TiO2-stability-RACB-pvpvs
acs.jpcc.5b05338_166,TiO2-stability-RACB-pvpvs
acs.jpcc.5b05338_167,TiO2-stability-RACB-pvpvs
acs.jpcc.5b05338_168,TiO2-stability-RACB-pvpvs
acs.jpcc.5b05338_169,TiO2-stability-RACB-pvpvs
acs.jpcc.5b05338_170,TiO2-stability-RACB-pvpvs
acs.jpcc.5b05338_171,TiO2-stability-RACB-pvpvs
acs.jpcc.5b05338_172,TiO2-stability-RACB-pvpvs
acs.jpcc.5b05338_173,TiO2-stability-RACB-pvpvs
acs.jpcc.5b05338_174,TiO2-stability-RACB-pvpvs
acs.jpcc.5b05338_175,TiO2-stability-RACB-pvpvs
acs.jpcc.5b05338_176,TiO2-stability-RACB-pvpvs
acs.jpcc.5b05338_177,TiO2-stability-RACB-pvpvs
acs.jpcc.5b05338_178,TiO2-stability-RACB-pvpvs
acs.jpcc.5b05338_179,TiO2-stability-RACB-pvpvs
acs.jpcc.5b05338_180,TiO2-stability-RACB-pvpvs
acs.jpcc.5b05338_181,TiO2-stability-RACB-pvpvs
acs.jpcc.5b05338_182,TiO2-stability-RACB-pvpvs
acs.jpcc.5b05338_183,TiO2-stability-RACB-pvpvs
acs.jpcc.5b05338_184,TiO2-stability-RACB-pvpvs
acs.jpcc.5b05338_185,TiO2-stability-RACB-pvpvs
acs.jpcc.5b05338_186,TiO2-stability-RACB-svsvs
acs.jpcc.5b05338_187,TiO2-stability-RACB-svsvs
acs.jpcc.5b05338_188,TiO2-stability-RACB-svsvs
acs.jpcc.5b05338_189,TiO2-stability-RACB-svsvs
acs.jpcc.5b05338_190,TiO2-stability-RACB-svsvs
acs.jpcc.5b05338_191,TiO2-stability-RACB-svsvs
acs.jpcc.5b05338_192,TiO2-stability-RACB-svsvs
acs.jpcc.5b05338_193,TiO2-stability-RACB-svsvs
acs.jpcc.5b05338_194,TiO2-stability-RACB-svsvs
acs.jpcc.5b05338_195,TiO2-stability-RACB-svsvs
acs.jpcc.5b05338_196,TiO2-stability-RACB-svsvs
acs.jpcc.5b05338_197,TiO2-stability-RACB-svsvs
acs.jpcc.5b05338_198,TiO2-stability-RACB-svsvs
acs.jpcc.5b05338_199,TiO2-stability-RACB-svsvs
acs.jpcc.5b05338_200,TiO2-stability-RACB-svsvs
acs.jpcc.5b05338_201,TiO2-stability-RACB-svsvs
acs.jpcc.5b05338_202,TiO2-stability-RACB-svsvs
acs.jpcc.5b05338_203,TiO2-stability-RACB-svsvs
acs.jpcc.5b05338_204,TiO2-stability-RACB-svsvs
acs.jpcc.5b05338_205,TiO2-stability-RACB-svsvs
acs.jpcc.5b05338_206,TiO2-stability-RACB-svsvs
acs.jpcc.5b05338_207,TiO2-stability-RACB-svsvs
acs.jpcc.5b05338_208,TiO2-stability-RACB-svsvs
acs.jpcc.5b05338_209,TiO2-stability-RACB-svsvs
acs.jpcc.5b05338_210,TiO2-stability-RACB-svsvs
acs.jpcc.5b05338_211,TiO2-stability-RACB-svsvs
acs.jpcc.5b05338_212,TiO2-stability-RACB-svsvs
acs.jpcc.5b05338_213,TiO2-stability-RACB-svsvs
acs.jpcc.5b05338_214,TiO2-stability-RACB-svsvs
acs.jpcc.5b05338_215,TiO2-stability-RACB-svsvs
acs.jpcc.5b05338_216,TiO2-stability-RACB-svsvs
acs.jpcc.5b05338_217,TiO2-stability-RACB-svsvs
acs.jpcc.5b05338_218,TiO2-stability-RACB-svsvs
acs.jpcc.5b05338_219,TiO2-stability-RACB-svsvs
acs.jpcc.5b05338_220,TiO2-stability-RACB-svsvs
acs.jpcc.5b05338_221,TiO2-stability-RACB-svsvs
acs.jpcc.5b05338_222,TiO2-stability-RACB-svsvs
acs.jpcc.5b05338_223,TiO2-stability-RACB-svsvs
acs.jpcc.5b05338_224,TiO2-stability-RACB-svsvs
acs.jpcc.5b05338_225,TiO2-stability-RACB-svsvs
acs.jpcc.5b05338_226,TiO2-stability-RACB-svsvs
acs.jpcc.5b05338_227,TiO2-stability-RACB-svsvs
acs.jpcc.5b05338_228,TiO2-stability-RACB-svsvs
acs.jpcc.5b05338_229,TiO2-stability-RACB-svsvs
acs.jpcc.5b05338_230,TiO2-stability-RACB-svsvs
acs.jpcc.5b05338_231,TiO2-stability-RACB-svsvs
acs.jpcc.5b05338_232,TiO2-stability-RACB-svsvs
acs.jpcc.5b05338_233,TiO2-stability-RACB-svsvs
acs.jpcc.5b05338_234,TiO2-stability-RACB-svsvs
acs.jpcc.5b05338_235,TiO2-stability-RACB-svsvs
acs.jpcc.5b05338_236,TiO2-stability-RACB-svsvs
acs.jpcc.5b05338_237,TiO2-stability-RACB-svsvs
acs.jpcc.5b05338_238,TiO2-stability-RACB-svsvs
acs.jpcc.5b05338_239,TiO2-stability-RACB-svsvs
acs.jpcc.5b05338_240,TiO2-stability-RACB-svsvs
acs.jpcc.5b05338_241,TiO2-stability-RACB-svsvs
acs.jpcc.5b05338_242,TiO2-stability-RACB-svsvs
acs.jpcc.5b05338_243,TiO2-stability-RACB-svsvs
acs.jpcc.5b05338_244,TiO2-stability-RACB-svsvs
acs.jpcc.5b05338_245,TiO2-stability-RACB-svsvs
acs.jpcc.5b05338_246,TiO2-stability-RACB-svsvs
acs.jpcc.5b05338_247,TiO2-stability-RACB-svsvs
acs.jpcc.5b05338_248,TiO2-stability-RACB-svsvs
acs.jpcc.5b05338_249,TiO2-stability-RACB-svsvs
acs.jpcc.5b05338_250,TiO2-stability-RACB-svsvs
acs.jpcc.5b05338_251,TiO2-stability-RACB-svsvs
acs.jpcc.5b05338_252,TiO2-stability-RACB-svsvs
acs.jpcc.5b05338_253,TiO2-stability-RACB-svsvs
acs.jpcc.5b05338_254,TiO2-stability-RACB-svsvs
acs.jpcc.5b05338_255,TiO2-stability-RACB-svsvs
acs.jpcc.5b05338_256,TiO2-stability-RACB-svsvs
acs.jpcc.5b05338_257,TiO2-stability-RACB-svsvs
acs.jpcc.5b05338_258,TiO2-stability-RACB-svsvs
acs.jpcc.5b05338_259,TiO2-stability-RACB-svsvs
acs.jpcc.5b05338_260,TiO2-stability-RACB-svsvs
acs.jpcc.5b05338_261,TiO2-stability-RACB-svsvs
acs.jpcc.5b05338_262,TiO2-stability-RACB-svsvs
acs.jpcc.5b05338_263,TiO2-stability-RACB-svsvs
acs.jpcc.5b05338_264,TiO2-stability-RACB-svsvs
acs.jpcc.5b05338_265,TiO2-stability-RACB-svsvs
acs.jpcc.5b05338_266,TiO2-stability-RACB-PBELDAPBEs
acs.jpcc.5b05338_267,TiO2-stability-RACB-PBELDAPBEs
acs.jpcc.5b05338_268,TiO2-stability-RACB-PBELDAPBEs
acs.jpcc.5b05338_269,TiO2-stability-RACB-PBELDAPBEs
acs.jpcc.5b05338_270,TiO2-stability-RACB-PBELDAPBEs
acs.jpcc.5b05338_271,TiO2-stability-RACB-PBELDAPBEs
acs.jpcc.5b05338_272,TiO2-stability-RACB-PBELDAPBEs
acs.jpcc.5b05338_273,TiO2-stability-RACB-PBELDAPBEs
acs.jpcc.5b05338_274,TiO2-stability-RACB-PBELDAPBEs
acs.jpcc.5b05338_275,TiO2-stability-RACB-PBELDAPBEs
acs.jpcc.5b05338_276,TiO2-stability-RACB-PBELDAPBEs
acs.jpcc.5b05338_277,TiO2-stability-RACB-PBELDAPBEs
acs.jpcc.5b05338_278,TiO2-stability-RACB-PBELDAPBEs
acs.jpcc.5b05338_279,TiO2-stability-RACB-PBELDAPBEs
acs.jpcc.5b05338_280,TiO2-stability-RACB-PBELDAPBEs
acs.jpcc.5b05338_281,TiO2-stability-RACB-PBELDAPBEs
acs.jpcc.5b05338_282,TiO2-stability-RACB-PBELDAPBEs
acs.jpcc.5b05338_283,TiO2-stability-RACB-PBELDAPBEs
acs.jpcc.5b05338_284,TiO2-stability-RACB-PBELDAPBEs
acs.jpcc.5b05338_285,TiO2-stability-RACB-PBELDAPBEs
acs.jpcc.5b05338_286,TiO2-stability-RACB-PBELDAPBEs
acs.jpcc.5b05338_287,TiO2-stability-RACB-PBELDAPBEs
acs.jpcc.5b05338_288,TiO2-stability-RACB-PBELDAPBEs
acs.jpcc.5b05338_289,TiO2-stability-RACB-PBELDAPBEs
acs.jpcc.5b05338_290,TiO2-stability-RACB-PBELDAPBEs
acs.jpcc.5b05338_291,TiO2-stability-RACB-PBELDAPBEs
acs.jpcc.5b05338_292,TiO2-stability-RACB-PBELDAPBEs
acs.jpcc.5b05338_293,TiO2-stability-RACB-PBELDAPBEs
acs.jpcc.5b05338_294,TiO2-stability-RACB-PBELDAPBEs
acs.jpcc.5b05338_295,TiO2-stability-RACB-PBELDAPBEs
acs.jpcc.5b05338_296,TiO2-stability-RACB-PBELDAPBEs
acs.jpcc.5b05338_297,TiO2-stability-RACB-PBELDAPBEs
acs.jpcc.5b05338_298,TiO2-stability-RACB-PBELDAPBEs
acs.jpcc.5b05338_299,TiO2-stability-RACB-PBELDAPBEs
acs.jpcc.5b05338_300,TiO2-stability-RACB-PBELDAPBEs
acs.jpcc.5b05338_301,TiO2-stability-RACB-PBELDAPBEs
acs.jpcc.5b05338_302,TiO2-stability-RACB-PBELDAPBEs
acs.jpcc.5b05338_303,TiO2-stability-RACB-PBELDAPBEs
acs.jpcc.5b05338_304,TiO2-stability-RACB-PBELDAPBEs
acs.jpcc.5b05338_305,TiO2-stability-RACB-PBELDAPBEs
acs.jpcc.5b05338_306,TiO2-stability-RACB-PBELDAPBEs
acs.jpcc.5b05338_307,TiO2-stability-RACB-PBELDAPBEs
acs.jpcc.5b05338_308,TiO2-stability-RACB-PBELDAPBEs
acs.jpcc.5b05338_309,TiO2-stability-RACB-PBELDAPBEs
acs.jpcc.5b05338_310,TiO2-stability-RACB-PBELDAPBEs
acs.jpcc.5b05338_311,TiO2-stability-RACB-PBELDAPBEs
acs.jpcc.5b05338_312,TiO2-stability-RACB-PBELDAPBEs
acs.jpcc.5b05338_313,TiO2-stability-RACB-PBELDAPBEs
acs.jpcc.5b05338_314,TiO2-stability-RACB-PBELDAPBEs
acs.jpcc.5b05338_315,TiO2-stability-RACB-PBELDAPBEs
acs.jpcc.5b05338_316,TiO2-stability-RACB-PBELDAPBEs
acs.jpcc.5b05338_317,TiO2-stability-RACB-PBELDAPBEs
acs.jpcc.5b05338_318,TiO2-stability-RACB-PBELDAPBEs
acs.jpcc.5b05338_319,TiO2-stability-RACB-PBELDAPBEs
acs.jpcc.5b05338_320,TiO2-stability-RACB-PBELDAPBEs
acs.jpcc.5b05338_321,TiO2-stability-RACB-PBELDAPBEs
acs.jpcc.5b05338_322,TiO2-stability-RACB-PBELDAPBEs
acs.jpcc.5b05338_323,TiO2-stability-RACB-PBELDAPBEs
acs.jpcc.5b05338_324,TiO2-stability-RACB-PBELDAPBEs
acs.jpcc.5b05338_325,TiO2-stability-RACB-PBELDAPBEs
acs.jpcc.5b05338_326,TiO2-stability-RACB-PBELDAPBEs
acs.jpcc.5b05338_327,TiO2-stability-RACB-PBELDAPBEs
acs.jpcc.5b05338_328,TiO2-stability-RACB-PBELDAPBEs
acs.jpcc.5b05338_329,TiO2-stability-RACB-PBELDAPBEs
acs.jpcc.5b05338_330,TiO2-stability-RACB-PBELDAPBEs
acs.jpcc.5b05338_331,TiO2-stability-RACB-PBELDAPBEs
acs.jpcc.5b05338_332,TiO2-stability-RACB-PBELDAPBEs
acs.jpcc.5b05338_333,TiO2-stability-RACB-PBELDAPBEs
acs.jpcc.5b05338_334,TiO2-stability-RACB-PBELDAPBEs
acs.jpcc.5b05338_335,TiO2-stability-RACB-PBELDAPBEs
acs.jpcc.5b05338_336,TiO2-stability-RACB-PBELDAPBEs
acs.jpcc.5b05338_337,TiO2-stability-RACB-PBELDAPBEs
acs.jpcc.5b05338_338,TiO2-stability-RACB-PBELDAPBEs
acs.jpcc.5b05338_339,TiO2-stability-RACB-PBELDAPBEs
acs.jpcc.5b05338_340,TiO2-stability-RACB-PBELDAPBEs
acs.jpcc.5b05338_341,TiO2-stability-RACB-PBELDAPBEs
acs.jpcc.5b05338_342,TiO2-stability-RACB-PBELDAPBEs
acs.jpcc.5b05338_343,TiO2-stability-RACB-PBELDAPBEs
acs.jpcc.5b05338_344,TiO2-stability-RACB-PBELDAPBEs
acs.jpcc.5b05338_345,TiO2-stability-RACB-PBELDAPBEs
acs.jpcc.5b05338_346,TiO2-stability-RACB-PBELDAPBEs
acs.jpcc.5b05338_347,TiO2-stability-RACB-PBELDAPBEs
acs.jpcc.5b05338_348,TiO2-stability-RACB-PBELDAPBEs
acs.jpcc.5b05338_349,TiO2-stability-RACB-PBELDAPBEs
acs.jpcc.5b05338_350,TiO2-stability-RACB-PBELDAPBEs
acs.jpcc.5b05338_351,TiO2-stability-RACB-PBELDAPBEs
acs.jpcc.5b05338_352,TiO2-stability-RACB-PBELDAPBEs
acs.jpcc.5b05338_353,TiO2-stability-RACB-PBELDAPBEs
acs.jpcc.5b05338_354,TiO2-stability-RACB-PBELDAPBEs
acs.jpcc.5b05338_355,TiO2-stability-RACB-PBELDAPBEs
acs.jpcc.5b05338_356,TiO2-stability-RACB-PBELDAPBEs
acs.jpcc.5b05338_357,TiO2-stability-RACB-PBELDAPBEs
acs.jpcc.5b05338_358,TiO2-stability-RACB-PBELDAPBEs
acs.jpcc.5b05338_359,TiO2-stability-RACB-PBELDAPBEs
acs.jpcc.5b05338_360,TiO2-stability-RACB-PBELDAPBEs
acs.jpcc.5b05338_361,TiO2-stability-RACB-PBELDAPBEs
acs.jpcc.5b05338_362,TiO2-stability-RACB-PBELDAPBEs
acs.jpcc.5b05338_363,TiO2-stability-RACB-PBELDAPBEs
acs.jpcc.5b05338_364,TiO2-stability-RACB-PBELDAPBEs
acs.jpcc.5b05338_365,TiO2-stability-RACB-PBELDAPBEs
acs.jpcc.5b05338_366,TiO2-stability-RACB-PBELDAPBEs
acs.jpcc.5b05338_367,TiO2-stability-RACB-PBELDAPBEs
acs.jpcc.5b05338_368,-
acs.jpcc.5b05338_369,-
acs.jpcc.5b05338_370,-
acs.jpcc.5b05338_371,-
acs.jpcc.5b05338_372,-
acs.jpcc.5b05338_373,-
acs.jpcc.5b05338_374,-
acs.jpcc.5b05338_375,-
acs.jpcc.5b05338_376,-
acs.jpcc.5b05338_377,-
acs.jpcc.5b05338_378,-
acs.jpcc.5b05338_379,-
acs.jpcc.5b05338_380,-
acs.jpcc.5b05338_381,-
acs.jpcc.5b05338_382,-
acs.jpcc.5b05338_383,-
acs.jpcc.5b05338_384,-
acs.jpcc.5b05338_385,-
acs.jpcc.5b05338_386,-
acs.jpcc.5b05338_387,-
acs.jpcc.5b05338_388,-
acs.jpcc.5b05338_389,-
acs.jpcc.5b05338_390,-
acs.jpcc.5b05338_391,-
acs.jpcc.5b05338_392,-
acs.jpcc.5b05338_393,-
acs.jpcc.5b05338_394,-
acs.jpcc.5b05338_395,-
acs.jpcc.5b05338_396,-
acs.jpcc.5b05338_397,-
acs.jpcc.5b05338_398,-
acs.jpcc.5b05338_399,-
acs.jpcc.5b05338_400,-
acs.jpcc.5b05338_401,-
acs.jpcc.5b05338_402,-
acs.jpcc.5b05338_403,-
acs.jpcc.5b05338_404,-
acs.jpcc.5b05338_405,-
acs.jpcc.5b05338_406,-
acs.jpcc.5b05338_407,-
acs.jpcc.5b05338_408,-
acs.jpcc.5b05338_409,-
acs.jpcc.5b05338_410,-
acs.jpcc.5b05338_411,-
acs.jpcc.5b05338_412,-
acs.jpcc.5b05338_413,-
acs.jpcc.5b05338_414,-
acs.jpcc.5b05338_415,-
acs.jpcc.5b05338_416,-
acs.jpcc.5b05338_417,-
acs.jpcc.5b05338_418,-
acs.jpcc.5b05338_419,-
acs.jpcc.5b05338_420,-
acs.jpcc.5b05338_421,-
acs.jpcc.5b05338_422,-
acs.jpcc.5b05338_423,-
acs.jpcc.5b05338_424,-
acs.jpcc.5b05338_425,-
acs.jpcc.5b05338_426,-
acs.jpcc.5b05338_427,-
acs.jpcc.5b05338_428,-
acs.jpcc.5b05338_429,-
acs.jpcc.5b05338_430,-
acs.jpcc.5b05338_431,-
acs.jpcc.5b05338_432,-
acs.jpcc.5b05338_433,-
acs.jpcc.5b05338_434,-
acs.jpcc.5b05338_435,-
acs.jpcc.5b05338_436,-
acs.jpcc.5b05338_437,-
acs.jpcc.5b05338_438,-
acs.jpcc.5b05338_439,-
acs.jpcc.5b05338_440,-
acs.jpcc.5b05338_441,-
acs.jpcc.5b05338_442,-
acs.jpcc.5b05338_443,-
acs.jpcc.5b05338_444,-
acs.jpcc.5b05338_445,-
acs.jpcc.5b05338_446,-
acs.jpcc.5b05338_447,-
acs.jpcc.5b05338_448,-
acs.jpcc.5b05338_449,-
acs.jpcc.5b05338_450,-
acs.jpcc.5b05338_451,-
acs.jpcc.5b05338_452,-
acs.jpcc.5b05338_453,-
acs.jpcc.5b05338_454,-
acs.jpcc.5b05338_455,-
acs.jpcc.5b05338_456,-
acs.jpcc.5b05338_457,-
acs.jpcc.5b05338_458,-
acs.jpcc.5b05338_459,-
acs.jpcc.5b05338_460,-
acs.jpcc.5b05338_461,-
acs.jpcc.5b05338_462,-
acs.jpcc.5b05338_463,-
acs.jpcc.5b05338_464,-
acs.jpcc.5b05338_465,-
acs.jpcc.5b05338_466,-
acs.jpcc.5b05338_467,-
acs.jpcc.5b05338_468,-
acs.jpcc.5b05338_469,-
acs.jpcc.5b05338_470,-
acs.jpcc.5b05338_471,-
acs.jpcc.5b05338_472,-
acs.jpcc.5b05338_473,-
acs.jpcc.5b05338_474,-
acs.jpcc.5b05338_488,TiO2-stability-RAC-HSE06PBE0
acs.jpcc.5b05338_489,TiO2-stability-RAC-HSE06PBE0
acs.jpcc.5b05338_490,TiO2-stability-RAC-HSE06PBE0
acs.jpcc.5b05338_491,TiO2-stability-RAC-HSE06PBE0
acs.jpcc.5b05338_492,TiO2-stability-RAC-HSE06PBE0
acs.jpcc.5b05338_493,TiO2-stability-RAC-HSE06PBE0
acs.jpcc.5b05338_494,TiO2-stability-RAC-HSE06PBE0
acs.jpcc.5b05338_495,TiO2-stability-RAC-HSE06PBE0
acs.jpcc.5b05338_496,TiO2-stability-RAC-HSE06PBE0
acs.jpcc.5b05338_497,TiO2-stability-RAC-HSE06PBE0
acs.jpcc.5b05338_498,TiO2-stability-RAC-HSE06PBE0
acs.jpcc.5b05338_499,TiO2-stability-RAC-HSE06PBE0
acs.jpcc.5b05338_500,TiO2-stability-RAC-HSE06PBE0
acs.jpcc.5b05338_501,TiO2-stability-RAC-HSE06PBE0
acs.jpcc.5b05338_502,TiO2-stability-RAC-HSE06PBE0
acs.jpcc.5b05338_503,TiO2-stability-RAC-HSE06PBE0
acs.jpcc.5b05338_504,TiO2-stability-RAC-HSE06PBE0
acs.jpcc.5b05338_505,TiO2-stability-RAC-HSE06PBE0
acs.jpcc.5b05338_506,TiO2-stability-RAC-HSE06PBE0
acs.jpcc.5b05338_507,TiO2-stability-RAC-HSE06PBE0
acs.jpcc.5b05338_508,TiO2-stability-RAC-HSE06PBE0
acs.jpcc.5b05338_509,TiO2-stability-RAC-HSE06PBE0
acs.jpcc.5b05338_510,TiO2-stability-RAC-HSE06PBE0
acs.jpcc.5b05338_511,TiO2-stability-RAC-HSE06PBE0
acs.jpcc.5b05338_512,TiO2-stability-RAC-HSE06PBE0
acs.jpcc.5b05338_513,TiO2-stability-RAC-HSE06PBE0
acs.jpcc.5b05338_514,TiO2-stability-RAC-HSE06PBE0
acs.jpcc.5b05338_515,TiO2-stability-RAC-HSE06PBE0
acs.jpcc.5b05338_516,TiO2-stability-RAC-HSE06PBE0
acs.jpcc.5b05338_517,TiO2-stability-RAC-HSE06PBE0
acs.jpcc.5b05338_518,TiO2-stability-RAC-HSE06PBE0
acs.jpcc.5b05338_519,-
acs.jpcc.5b05338_520,-
acs.jpcc.5b05338_521,-